mano patona, tuerce la realidad y se extiende entre dimensiones para atacar a tus enemigos, 23, 50
mano viciosa, arrastran a los desprevenidos, 34, 54
mindmaster, ataque psiquico, 23, 31
imitador, ahora controlas a tu adversario, 46,31
exodia, el prohibido ganas el duelo, 100,100
abracadra, destruye a tu adversario, 100, 0
blast de luz, lanza gran energia a tu enemigo, 40,50
fireball, throws a fireball causing an explotion, 35, 0
teleportation, spell to transport yourselfs, 30, 10
summoning, spell to call an entity to help you out, 0, 40
healing spell, spell to mend your wounds or cure an illness,0, 50
weather manipulation, spell to summon rain, 45,0
love spells, make the other person fall for you, 0, 45
protection spell, have the ability to build a barrier, 35,0
transformation spell, change your appearance, 25,25
